{"packages/country_flags/res/si/ac.si":["packages/country_flags/res/si/ac.si"],"packages/country_flags/res/si/ad.si":["packages/country_flags/res/si/ad.si"],"packages/country_flags/res/si/ae.si":["packages/country_flags/res/si/ae.si"],"packages/country_flags/res/si/af.si":["packages/country_flags/res/si/af.si"],"packages/country_flags/res/si/ag.si":["packages/country_flags/res/si/ag.si"],"packages/country_flags/res/si/ai.si":["packages/country_flags/res/si/ai.si"],"packages/country_flags/res/si/al.si":["packages/country_flags/res/si/al.si"],"packages/country_flags/res/si/am.si":["packages/country_flags/res/si/am.si"],"packages/country_flags/res/si/ao.si":["packages/country_flags/res/si/ao.si"],"packages/country_flags/res/si/aq.si":["packages/country_flags/res/si/aq.si"],"packages/country_flags/res/si/ar.si":["packages/country_flags/res/si/ar.si"],"packages/country_flags/res/si/as.si":["packages/country_flags/res/si/as.si"],"packages/country_flags/res/si/at.si":["packages/country_flags/res/si/at.si"],"packages/country_flags/res/si/au.si":["packages/country_flags/res/si/au.si"],"packages/country_flags/res/si/aw.si":["packages/country_flags/res/si/aw.si"],"packages/country_flags/res/si/ax.si":["packages/country_flags/res/si/ax.si"],"packages/country_flags/res/si/az.si":["packages/country_flags/res/si/az.si"],"packages/country_flags/res/si/ba.si":["packages/country_flags/res/si/ba.si"],"packages/country_flags/res/si/bb.si":["packages/country_flags/res/si/bb.si"],"packages/country_flags/res/si/bd.si":["packages/country_flags/res/si/bd.si"],"packages/country_flags/res/si/be.si":["packages/country_flags/res/si/be.si"],"packages/country_flags/res/si/bf.si":["packages/country_flags/res/si/bf.si"],"packages/country_flags/res/si/bg.si":["packages/country_flags/res/si/bg.si"],"packages/country_flags/res/si/bh.si":["packages/country_flags/res/si/bh.si"],"packages/country_flags/res/si/bi.si":["packages/country_flags/res/si/bi.si"],"packages/country_flags/res/si/bj.si":["packages/country_flags/res/si/bj.si"],"packages/country_flags/res/si/bl.si":["packages/country_flags/res/si/bl.si"],"packages/country_flags/res/si/bm.si":["packages/country_flags/res/si/bm.si"],"packages/country_flags/res/si/bn.si":["packages/country_flags/res/si/bn.si"],"packages/country_flags/res/si/bo.si":["packages/country_flags/res/si/bo.si"],"packages/country_flags/res/si/bq.si":["packages/country_flags/res/si/bq.si"],"packages/country_flags/res/si/br.si":["packages/country_flags/res/si/br.si"],"packages/country_flags/res/si/bs.si":["packages/country_flags/res/si/bs.si"],"packages/country_flags/res/si/bt.si":["packages/country_flags/res/si/bt.si"],"packages/country_flags/res/si/bv.si":["packages/country_flags/res/si/bv.si"],"packages/country_flags/res/si/bw.si":["packages/country_flags/res/si/bw.si"],"packages/country_flags/res/si/by.si":["packages/country_flags/res/si/by.si"],"packages/country_flags/res/si/bz.si":["packages/country_flags/res/si/bz.si"],"packages/country_flags/res/si/ca.si":["packages/country_flags/res/si/ca.si"],"packages/country_flags/res/si/cc.si":["packages/country_flags/res/si/cc.si"],"packages/country_flags/res/si/cd.si":["packages/country_flags/res/si/cd.si"],"packages/country_flags/res/si/cefta.si":["packages/country_flags/res/si/cefta.si"],"packages/country_flags/res/si/cf.si":["packages/country_flags/res/si/cf.si"],"packages/country_flags/res/si/cg.si":["packages/country_flags/res/si/cg.si"],"packages/country_flags/res/si/ch.si":["packages/country_flags/res/si/ch.si"],"packages/country_flags/res/si/ci.si":["packages/country_flags/res/si/ci.si"],"packages/country_flags/res/si/ck.si":["packages/country_flags/res/si/ck.si"],"packages/country_flags/res/si/cl.si":["packages/country_flags/res/si/cl.si"],"packages/country_flags/res/si/cm.si":["packages/country_flags/res/si/cm.si"],"packages/country_flags/res/si/cn.si":["packages/country_flags/res/si/cn.si"],"packages/country_flags/res/si/co.si":["packages/country_flags/res/si/co.si"],"packages/country_flags/res/si/cp.si":["packages/country_flags/res/si/cp.si"],"packages/country_flags/res/si/cr.si":["packages/country_flags/res/si/cr.si"],"packages/country_flags/res/si/cu.si":["packages/country_flags/res/si/cu.si"],"packages/country_flags/res/si/cv.si":["packages/country_flags/res/si/cv.si"],"packages/country_flags/res/si/cw.si":["packages/country_flags/res/si/cw.si"],"packages/country_flags/res/si/cx.si":["packages/country_flags/res/si/cx.si"],"packages/country_flags/res/si/cy.si":["packages/country_flags/res/si/cy.si"],"packages/country_flags/res/si/cz.si":["packages/country_flags/res/si/cz.si"],"packages/country_flags/res/si/de.si":["packages/country_flags/res/si/de.si"],"packages/country_flags/res/si/dg.si":["packages/country_flags/res/si/dg.si"],"packages/country_flags/res/si/dj.si":["packages/country_flags/res/si/dj.si"],"packages/country_flags/res/si/dk.si":["packages/country_flags/res/si/dk.si"],"packages/country_flags/res/si/dm.si":["packages/country_flags/res/si/dm.si"],"packages/country_flags/res/si/do.si":["packages/country_flags/res/si/do.si"],"packages/country_flags/res/si/dz.si":["packages/country_flags/res/si/dz.si"],"packages/country_flags/res/si/ea.si":["packages/country_flags/res/si/ea.si"],"packages/country_flags/res/si/ec.si":["packages/country_flags/res/si/ec.si"],"packages/country_flags/res/si/ee.si":["packages/country_flags/res/si/ee.si"],"packages/country_flags/res/si/eg.si":["packages/country_flags/res/si/eg.si"],"packages/country_flags/res/si/eh.si":["packages/country_flags/res/si/eh.si"],"packages/country_flags/res/si/er.si":["packages/country_flags/res/si/er.si"],"packages/country_flags/res/si/es-ct.si":["packages/country_flags/res/si/es-ct.si"],"packages/country_flags/res/si/es-ga.si":["packages/country_flags/res/si/es-ga.si"],"packages/country_flags/res/si/es.si":["packages/country_flags/res/si/es.si"],"packages/country_flags/res/si/et.si":["packages/country_flags/res/si/et.si"],"packages/country_flags/res/si/eu.si":["packages/country_flags/res/si/eu.si"],"packages/country_flags/res/si/fi.si":["packages/country_flags/res/si/fi.si"],"packages/country_flags/res/si/fj.si":["packages/country_flags/res/si/fj.si"],"packages/country_flags/res/si/fk.si":["packages/country_flags/res/si/fk.si"],"packages/country_flags/res/si/fm.si":["packages/country_flags/res/si/fm.si"],"packages/country_flags/res/si/fo.si":["packages/country_flags/res/si/fo.si"],"packages/country_flags/res/si/fr.si":["packages/country_flags/res/si/fr.si"],"packages/country_flags/res/si/ga.si":["packages/country_flags/res/si/ga.si"],"packages/country_flags/res/si/gb-eng.si":["packages/country_flags/res/si/gb-eng.si"],"packages/country_flags/res/si/gb-nir.si":["packages/country_flags/res/si/gb-nir.si"],"packages/country_flags/res/si/gb-sct.si":["packages/country_flags/res/si/gb-sct.si"],"packages/country_flags/res/si/gb-wls.si":["packages/country_flags/res/si/gb-wls.si"],"packages/country_flags/res/si/gb.si":["packages/country_flags/res/si/gb.si"],"packages/country_flags/res/si/gd.si":["packages/country_flags/res/si/gd.si"],"packages/country_flags/res/si/ge.si":["packages/country_flags/res/si/ge.si"],"packages/country_flags/res/si/gf.si":["packages/country_flags/res/si/gf.si"],"packages/country_flags/res/si/gg.si":["packages/country_flags/res/si/gg.si"],"packages/country_flags/res/si/gh.si":["packages/country_flags/res/si/gh.si"],"packages/country_flags/res/si/gi.si":["packages/country_flags/res/si/gi.si"],"packages/country_flags/res/si/gl.si":["packages/country_flags/res/si/gl.si"],"packages/country_flags/res/si/gm.si":["packages/country_flags/res/si/gm.si"],"packages/country_flags/res/si/gn.si":["packages/country_flags/res/si/gn.si"],"packages/country_flags/res/si/gp.si":["packages/country_flags/res/si/gp.si"],"packages/country_flags/res/si/gq.si":["packages/country_flags/res/si/gq.si"],"packages/country_flags/res/si/gr.si":["packages/country_flags/res/si/gr.si"],"packages/country_flags/res/si/gs.si":["packages/country_flags/res/si/gs.si"],"packages/country_flags/res/si/gt.si":["packages/country_flags/res/si/gt.si"],"packages/country_flags/res/si/gu.si":["packages/country_flags/res/si/gu.si"],"packages/country_flags/res/si/gw.si":["packages/country_flags/res/si/gw.si"],"packages/country_flags/res/si/gy.si":["packages/country_flags/res/si/gy.si"],"packages/country_flags/res/si/hk.si":["packages/country_flags/res/si/hk.si"],"packages/country_flags/res/si/hm.si":["packages/country_flags/res/si/hm.si"],"packages/country_flags/res/si/hn.si":["packages/country_flags/res/si/hn.si"],"packages/country_flags/res/si/hr.si":["packages/country_flags/res/si/hr.si"],"packages/country_flags/res/si/ht.si":["packages/country_flags/res/si/ht.si"],"packages/country_flags/res/si/hu.si":["packages/country_flags/res/si/hu.si"],"packages/country_flags/res/si/ic.si":["packages/country_flags/res/si/ic.si"],"packages/country_flags/res/si/id.si":["packages/country_flags/res/si/id.si"],"packages/country_flags/res/si/ie.si":["packages/country_flags/res/si/ie.si"],"packages/country_flags/res/si/il.si":["packages/country_flags/res/si/il.si"],"packages/country_flags/res/si/im.si":["packages/country_flags/res/si/im.si"],"packages/country_flags/res/si/in.si":["packages/country_flags/res/si/in.si"],"packages/country_flags/res/si/io.si":["packages/country_flags/res/si/io.si"],"packages/country_flags/res/si/iq.si":["packages/country_flags/res/si/iq.si"],"packages/country_flags/res/si/ir.si":["packages/country_flags/res/si/ir.si"],"packages/country_flags/res/si/is.si":["packages/country_flags/res/si/is.si"],"packages/country_flags/res/si/it.si":["packages/country_flags/res/si/it.si"],"packages/country_flags/res/si/je.si":["packages/country_flags/res/si/je.si"],"packages/country_flags/res/si/jm.si":["packages/country_flags/res/si/jm.si"],"packages/country_flags/res/si/jo.si":["packages/country_flags/res/si/jo.si"],"packages/country_flags/res/si/jp.si":["packages/country_flags/res/si/jp.si"],"packages/country_flags/res/si/ke.si":["packages/country_flags/res/si/ke.si"],"packages/country_flags/res/si/kg.si":["packages/country_flags/res/si/kg.si"],"packages/country_flags/res/si/kh.si":["packages/country_flags/res/si/kh.si"],"packages/country_flags/res/si/ki.si":["packages/country_flags/res/si/ki.si"],"packages/country_flags/res/si/km.si":["packages/country_flags/res/si/km.si"],"packages/country_flags/res/si/kn.si":["packages/country_flags/res/si/kn.si"],"packages/country_flags/res/si/kp.si":["packages/country_flags/res/si/kp.si"],"packages/country_flags/res/si/kr.si":["packages/country_flags/res/si/kr.si"],"packages/country_flags/res/si/kw.si":["packages/country_flags/res/si/kw.si"],"packages/country_flags/res/si/ky.si":["packages/country_flags/res/si/ky.si"],"packages/country_flags/res/si/kz.si":["packages/country_flags/res/si/kz.si"],"packages/country_flags/res/si/la.si":["packages/country_flags/res/si/la.si"],"packages/country_flags/res/si/lb.si":["packages/country_flags/res/si/lb.si"],"packages/country_flags/res/si/lc.si":["packages/country_flags/res/si/lc.si"],"packages/country_flags/res/si/li.si":["packages/country_flags/res/si/li.si"],"packages/country_flags/res/si/lk.si":["packages/country_flags/res/si/lk.si"],"packages/country_flags/res/si/lr.si":["packages/country_flags/res/si/lr.si"],"packages/country_flags/res/si/ls.si":["packages/country_flags/res/si/ls.si"],"packages/country_flags/res/si/lt.si":["packages/country_flags/res/si/lt.si"],"packages/country_flags/res/si/lu.si":["packages/country_flags/res/si/lu.si"],"packages/country_flags/res/si/lv.si":["packages/country_flags/res/si/lv.si"],"packages/country_flags/res/si/ly.si":["packages/country_flags/res/si/ly.si"],"packages/country_flags/res/si/ma.si":["packages/country_flags/res/si/ma.si"],"packages/country_flags/res/si/mc.si":["packages/country_flags/res/si/mc.si"],"packages/country_flags/res/si/md.si":["packages/country_flags/res/si/md.si"],"packages/country_flags/res/si/me.si":["packages/country_flags/res/si/me.si"],"packages/country_flags/res/si/mf.si":["packages/country_flags/res/si/mf.si"],"packages/country_flags/res/si/mg.si":["packages/country_flags/res/si/mg.si"],"packages/country_flags/res/si/mh.si":["packages/country_flags/res/si/mh.si"],"packages/country_flags/res/si/mk.si":["packages/country_flags/res/si/mk.si"],"packages/country_flags/res/si/ml.si":["packages/country_flags/res/si/ml.si"],"packages/country_flags/res/si/mm.si":["packages/country_flags/res/si/mm.si"],"packages/country_flags/res/si/mn.si":["packages/country_flags/res/si/mn.si"],"packages/country_flags/res/si/mo.si":["packages/country_flags/res/si/mo.si"],"packages/country_flags/res/si/mp.si":["packages/country_flags/res/si/mp.si"],"packages/country_flags/res/si/mq.si":["packages/country_flags/res/si/mq.si"],"packages/country_flags/res/si/mr.si":["packages/country_flags/res/si/mr.si"],"packages/country_flags/res/si/ms.si":["packages/country_flags/res/si/ms.si"],"packages/country_flags/res/si/mt.si":["packages/country_flags/res/si/mt.si"],"packages/country_flags/res/si/mu.si":["packages/country_flags/res/si/mu.si"],"packages/country_flags/res/si/mv.si":["packages/country_flags/res/si/mv.si"],"packages/country_flags/res/si/mw.si":["packages/country_flags/res/si/mw.si"],"packages/country_flags/res/si/mx.si":["packages/country_flags/res/si/mx.si"],"packages/country_flags/res/si/my.si":["packages/country_flags/res/si/my.si"],"packages/country_flags/res/si/mz.si":["packages/country_flags/res/si/mz.si"],"packages/country_flags/res/si/na.si":["packages/country_flags/res/si/na.si"],"packages/country_flags/res/si/nc.si":["packages/country_flags/res/si/nc.si"],"packages/country_flags/res/si/ne.si":["packages/country_flags/res/si/ne.si"],"packages/country_flags/res/si/nf.si":["packages/country_flags/res/si/nf.si"],"packages/country_flags/res/si/ng.si":["packages/country_flags/res/si/ng.si"],"packages/country_flags/res/si/ni.si":["packages/country_flags/res/si/ni.si"],"packages/country_flags/res/si/nl.si":["packages/country_flags/res/si/nl.si"],"packages/country_flags/res/si/no.si":["packages/country_flags/res/si/no.si"],"packages/country_flags/res/si/np.si":["packages/country_flags/res/si/np.si"],"packages/country_flags/res/si/nr.si":["packages/country_flags/res/si/nr.si"],"packages/country_flags/res/si/nu.si":["packages/country_flags/res/si/nu.si"],"packages/country_flags/res/si/nz.si":["packages/country_flags/res/si/nz.si"],"packages/country_flags/res/si/om.si":["packages/country_flags/res/si/om.si"],"packages/country_flags/res/si/pa.si":["packages/country_flags/res/si/pa.si"],"packages/country_flags/res/si/pe.si":["packages/country_flags/res/si/pe.si"],"packages/country_flags/res/si/pf.si":["packages/country_flags/res/si/pf.si"],"packages/country_flags/res/si/pg.si":["packages/country_flags/res/si/pg.si"],"packages/country_flags/res/si/ph.si":["packages/country_flags/res/si/ph.si"],"packages/country_flags/res/si/pk.si":["packages/country_flags/res/si/pk.si"],"packages/country_flags/res/si/pl.si":["packages/country_flags/res/si/pl.si"],"packages/country_flags/res/si/pm.si":["packages/country_flags/res/si/pm.si"],"packages/country_flags/res/si/pn.si":["packages/country_flags/res/si/pn.si"],"packages/country_flags/res/si/pr.si":["packages/country_flags/res/si/pr.si"],"packages/country_flags/res/si/ps.si":["packages/country_flags/res/si/ps.si"],"packages/country_flags/res/si/pt.si":["packages/country_flags/res/si/pt.si"],"packages/country_flags/res/si/pw.si":["packages/country_flags/res/si/pw.si"],"packages/country_flags/res/si/py.si":["packages/country_flags/res/si/py.si"],"packages/country_flags/res/si/qa.si":["packages/country_flags/res/si/qa.si"],"packages/country_flags/res/si/re.si":["packages/country_flags/res/si/re.si"],"packages/country_flags/res/si/ro.si":["packages/country_flags/res/si/ro.si"],"packages/country_flags/res/si/rs.si":["packages/country_flags/res/si/rs.si"],"packages/country_flags/res/si/ru.si":["packages/country_flags/res/si/ru.si"],"packages/country_flags/res/si/rw.si":["packages/country_flags/res/si/rw.si"],"packages/country_flags/res/si/sa.si":["packages/country_flags/res/si/sa.si"],"packages/country_flags/res/si/sb.si":["packages/country_flags/res/si/sb.si"],"packages/country_flags/res/si/sc.si":["packages/country_flags/res/si/sc.si"],"packages/country_flags/res/si/sd.si":["packages/country_flags/res/si/sd.si"],"packages/country_flags/res/si/se.si":["packages/country_flags/res/si/se.si"],"packages/country_flags/res/si/sg.si":["packages/country_flags/res/si/sg.si"],"packages/country_flags/res/si/sh.si":["packages/country_flags/res/si/sh.si"],"packages/country_flags/res/si/si.si":["packages/country_flags/res/si/si.si"],"packages/country_flags/res/si/sj.si":["packages/country_flags/res/si/sj.si"],"packages/country_flags/res/si/sk.si":["packages/country_flags/res/si/sk.si"],"packages/country_flags/res/si/sl.si":["packages/country_flags/res/si/sl.si"],"packages/country_flags/res/si/sm.si":["packages/country_flags/res/si/sm.si"],"packages/country_flags/res/si/sn.si":["packages/country_flags/res/si/sn.si"],"packages/country_flags/res/si/so.si":["packages/country_flags/res/si/so.si"],"packages/country_flags/res/si/sr.si":["packages/country_flags/res/si/sr.si"],"packages/country_flags/res/si/ss.si":["packages/country_flags/res/si/ss.si"],"packages/country_flags/res/si/st.si":["packages/country_flags/res/si/st.si"],"packages/country_flags/res/si/sv.si":["packages/country_flags/res/si/sv.si"],"packages/country_flags/res/si/sx.si":["packages/country_flags/res/si/sx.si"],"packages/country_flags/res/si/sy.si":["packages/country_flags/res/si/sy.si"],"packages/country_flags/res/si/sz.si":["packages/country_flags/res/si/sz.si"],"packages/country_flags/res/si/ta.si":["packages/country_flags/res/si/ta.si"],"packages/country_flags/res/si/tc.si":["packages/country_flags/res/si/tc.si"],"packages/country_flags/res/si/td.si":["packages/country_flags/res/si/td.si"],"packages/country_flags/res/si/tf.si":["packages/country_flags/res/si/tf.si"],"packages/country_flags/res/si/tg.si":["packages/country_flags/res/si/tg.si"],"packages/country_flags/res/si/th.si":["packages/country_flags/res/si/th.si"],"packages/country_flags/res/si/tj.si":["packages/country_flags/res/si/tj.si"],"packages/country_flags/res/si/tk.si":["packages/country_flags/res/si/tk.si"],"packages/country_flags/res/si/tl.si":["packages/country_flags/res/si/tl.si"],"packages/country_flags/res/si/tm.si":["packages/country_flags/res/si/tm.si"],"packages/country_flags/res/si/tn.si":["packages/country_flags/res/si/tn.si"],"packages/country_flags/res/si/to.si":["packages/country_flags/res/si/to.si"],"packages/country_flags/res/si/tr.si":["packages/country_flags/res/si/tr.si"],"packages/country_flags/res/si/tt.si":["packages/country_flags/res/si/tt.si"],"packages/country_flags/res/si/tv.si":["packages/country_flags/res/si/tv.si"],"packages/country_flags/res/si/tw.si":["packages/country_flags/res/si/tw.si"],"packages/country_flags/res/si/tz.si":["packages/country_flags/res/si/tz.si"],"packages/country_flags/res/si/ua.si":["packages/country_flags/res/si/ua.si"],"packages/country_flags/res/si/ug.si":["packages/country_flags/res/si/ug.si"],"packages/country_flags/res/si/um.si":["packages/country_flags/res/si/um.si"],"packages/country_flags/res/si/un.si":["packages/country_flags/res/si/un.si"],"packages/country_flags/res/si/us.si":["packages/country_flags/res/si/us.si"],"packages/country_flags/res/si/uy.si":["packages/country_flags/res/si/uy.si"],"packages/country_flags/res/si/uz.si":["packages/country_flags/res/si/uz.si"],"packages/country_flags/res/si/va.si":["packages/country_flags/res/si/va.si"],"packages/country_flags/res/si/vc.si":["packages/country_flags/res/si/vc.si"],"packages/country_flags/res/si/ve.si":["packages/country_flags/res/si/ve.si"],"packages/country_flags/res/si/vg.si":["packages/country_flags/res/si/vg.si"],"packages/country_flags/res/si/vi.si":["packages/country_flags/res/si/vi.si"],"packages/country_flags/res/si/vn.si":["packages/country_flags/res/si/vn.si"],"packages/country_flags/res/si/vu.si":["packages/country_flags/res/si/vu.si"],"packages/country_flags/res/si/wf.si":["packages/country_flags/res/si/wf.si"],"packages/country_flags/res/si/ws.si":["packages/country_flags/res/si/ws.si"],"packages/country_flags/res/si/xk.si":["packages/country_flags/res/si/xk.si"],"packages/country_flags/res/si/xx.si":["packages/country_flags/res/si/xx.si"],"packages/country_flags/res/si/ye.si":["packages/country_flags/res/si/ye.si"],"packages/country_flags/res/si/yt.si":["packages/country_flags/res/si/yt.si"],"packages/country_flags/res/si/za.si":["packages/country_flags/res/si/za.si"],"packages/country_flags/res/si/zm.si":["packages/country_flags/res/si/zm.si"],"packages/country_flags/res/si/zw.si":["packages/country_flags/res/si/zw.si"],"packages/cupertino_icons/assets/CupertinoIcons.ttf":["packages/cupertino_icons/assets/CupertinoIcons.ttf"],"packages/glass/images/noise.png":["packages/glass/images/noise.png"],"packages/iconsax_flutter/fonts/FlutterIconsax.ttf":["packages/iconsax_flutter/fonts/FlutterIconsax.ttf"]}